{
  "max_mutations": 10,
  "num_classes": 5,
  "class_weights": [
    0.8556701030927835,
    0.5496688741721855,
    0.8645833333333334,
    1.6938775510204083,
    3.772727272727273
  ]
}