{
  "max_mutations": 10,
  "num_classes": 5,
  "class_weights": [
    0.6775,
    0.6022222222222222,
    0.9508771929824561,
    1.6424242424242423,
    4.927272727272728
  ]
}